{
    "name": "root",
    "gauges": {
        "FlappyBird.Policy.Entropy.mean": {
            "value": 0.03254585340619087,
            "min": 0.027493702247738838,
            "max": 0.05038408190011978,
            "count": 378
        },
        "FlappyBird.Policy.Entropy.sum": {
            "value": 326.89056396484375,
            "min": 275.70684814453125,
            "max": 502.2392578125,
            "count": 378
        },
        "FlappyBird.Step.mean": {
            "value": 4999996.0,
            "min": 1229952.0,
            "max": 4999996.0,
            "count": 378
        },
        "FlappyBird.Step.sum": {
            "value": 4999996.0,
            "min": 1229952.0,
            "max": 4999996.0,
            "count": 378
        },
        "FlappyBird.Policy.ExtrinsicValueEstimate.mean": {
            "value": 54.358192443847656,
            "min": 46.14979553222656,
            "max": 161.9494171142578,
            "count": 378
        },
        "FlappyBird.Policy.ExtrinsicValueEstimate.sum": {
            "value": 8534.236328125,
            "min": 7485.6044921875,
            "max": 22834.8671875,
            "count": 378
        },
        "FlappyBird.Policy.CuriosityValueEstimate.mean": {
            "value": 0.000562508765142411,
            "min": -0.0876932442188263,
            "max": 0.047497447580099106,
            "count": 378
        },
        "FlappyBird.Policy.CuriosityValueEstimate.sum": {
            "value": 0.08831387758255005,
            "min": -14.381691932678223,
            "max": 7.552094459533691,
            "count": 378
        },
        "FlappyBird.Environment.EpisodeLength.mean": {
            "value": 8699.0,
            "min": 399.0,
            "max": 27316.0,
            "count": 340
        },
        "FlappyBird.Environment.EpisodeLength.sum": {
            "value": 8699.0,
            "min": 399.0,
            "max": 35429.0,
            "count": 340
        },
        "FlappyBird.Environment.CumulativeReward.mean": {
            "value": 4796.0,
            "min": 204.0,
            "max": 15118.5,
            "count": 340
        },
        "FlappyBird.Environment.CumulativeReward.sum": {
            "value": 4796.0,
            "min": 204.0,
            "max": 19533.5,
            "count": 340
        },
        "FlappyBird.Policy.ExtrinsicReward.mean": {
            "value": 4796.0,
            "min": 204.0,
            "max": 15118.5,
            "count": 340
        },
        "FlappyBird.Policy.ExtrinsicReward.sum": {
            "value": 4796.0,
            "min": 204.0,
            "max": 19533.5,
            "count": 340
        },
        "FlappyBird.Policy.CuriosityReward.mean": {
            "value": 0.013881062641303288,
            "min": 0.0002270066820528882,
            "max": 0.10360935067365062,
            "count": 340
        },
        "FlappyBird.Policy.CuriosityReward.sum": {
            "value": 0.013881062641303288,
            "min": 0.0002270066820528882,
            "max": 0.3132169744858402,
            "count": 340
        },
        "FlappyBird.Losses.PolicyLoss.mean": {
            "value": 0.0989201114325716,
            "min": 0.08814163777581534,
            "max": 0.10767060386803651,
            "count": 378
        },
        "FlappyBird.Losses.PolicyLoss.sum": {
            "value": 0.494600557162858,
            "min": 0.35647702339588017,
            "max": 0.5383530193401825,
            "count": 378
        },
        "FlappyBird.Losses.ValueLoss.mean": {
            "value": 3.0452854774732407,
            "min": 0.7599806789346416,
            "max": 171.37710365321902,
            "count": 378
        },
        "FlappyBird.Losses.ValueLoss.sum": {
            "value": 15.226427387366204,
            "min": 3.0399227157385664,
            "max": 685.5084146128761,
            "count": 378
        },
        "FlappyBird.Policy.LearningRate.mean": {
            "value": 3.2654789118400144e-07,
            "min": 3.2654789118400144e-07,
            "max": 0.00022641449452851002,
            "count": 378
        },
        "FlappyBird.Policy.LearningRate.sum": {
            "value": 1.632739455920007e-06,
            "min": 1.632739455920007e-06,
            "max": 0.00112674804441736,
            "count": 378
        },
        "FlappyBird.Policy.Epsilon.mean": {
            "value": 0.10010881600000002,
            "min": 0.10010881600000002,
            "max": 0.17547148999999998,
            "count": 378
        },
        "FlappyBird.Policy.Epsilon.sum": {
            "value": 0.5005440800000001,
            "min": 0.4011913600000001,
            "max": 0.87558264,
            "count": 378
        },
        "FlappyBird.Policy.Beta.mean": {
            "value": 0.004999999999999999,
            "min": 0.004999999999999999,
            "max": 0.004999999999999999,
            "count": 378
        },
        "FlappyBird.Policy.Beta.sum": {
            "value": 0.024999999999999994,
            "min": 0.019999999999999997,
            "max": 0.024999999999999994,
            "count": 378
        },
        "FlappyBird.Losses.CuriosityForwardLoss.mean": {
            "value": 0.00014975180673121885,
            "min": 1.3744211465297732e-05,
            "max": 0.0029318604110812885,
            "count": 378
        },
        "FlappyBird.Losses.CuriosityForwardLoss.sum": {
            "value": 0.0007487590336560943,
            "min": 5.497684586119093e-05,
            "max": 0.014659302055406442,
            "count": 378
        },
        "FlappyBird.Losses.CuriosityInverseLoss.mean": {
            "value": 3.0719009282850056e-06,
            "min": 5.434597342432541e-09,
            "max": 0.007205980746760894,
            "count": 378
        },
        "FlappyBird.Losses.CuriosityInverseLoss.sum": {
            "value": 1.535950464142503e-05,
            "min": 2.451542396716882e-08,
            "max": 0.03602990373380447,
            "count": 378
        },
        "FlappyBird.IsTraining.mean": {
            "value": 1.0,
            "min": 1.0,
            "max": 1.0,
            "count": 378
        },
        "FlappyBird.IsTraining.sum": {
            "value": 1.0,
            "min": 1.0,
            "max": 1.0,
            "count": 378
        }
    },
    "metadata": {
        "timer_format_version": "0.1.0",
        "start_time_seconds": "1732978820",
        "python_version": "3.10.9 | packaged by Anaconda, Inc. | (main, Mar  1 2023, 18:18:15) [MSC v.1916 64 bit (AMD64)]",
        "command_line_arguments": "E:\\Unity_PROJECT\\Learn_2D\\venv\\Scripts\\mlagents-learn envconfig.yaml --run-id=11301030 --resume --no-graphics",
        "mlagents_version": "1.1.0",
        "mlagents_envs_version": "1.1.0",
        "communication_protocol_version": "1.5.0",
        "pytorch_version": "2.5.1+cpu",
        "numpy_version": "1.23.5",
        "end_time_seconds": "1732990883"
    },
    "total": 12063.3579264,
    "count": 1,
    "self": 0.10929829999986396,
    "children": {
        "run_training.setup": {
            "total": 0.13418730000000778,
            "count": 1,
            "self": 0.13418730000000778
        },
        "TrainerController.start_learning": {
            "total": 12063.1144408,
            "count": 1,
            "self": 39.05135620024339,
            "children": {
                "TrainerController._reset_env": {
                    "total": 13.572610499999996,
                    "count": 1,
                    "self": 13.572610499999996
                },
                "TrainerController.advance": {
                    "total": 12010.461921199758,
                    "count": 3778839,
                    "self": 37.21368500157587,
                    "children": {
                        "env_step": {
                            "total": 10135.420270699597,
                            "count": 3778839,
                            "self": 7571.1522677009625,