{
    "name": "root",
    "metadata": {
        "timer_format_version": "0.1.0",
        "start_time_seconds": "1732884895",
        "python_version": "3.10.9 | packaged by Anaconda, Inc. | (main, Mar  1 2023, 18:18:15) [MSC v.1916 64 bit (AMD64)]",
        "command_line_arguments": "E:\\Unity_PROJECT\\Learn_2D\\venv\\Scripts\\mlagents-learn --run-id=Flappy_2054",
        "mlagents_version": "1.1.0",
        "mlagents_envs_version": "1.1.0",
        "communication_protocol_version": "1.5.0",
        "pytorch_version": "2.5.1+cpu",
        "numpy_version": "1.23.5",
        "end_time_seconds": "1732885062"
    },
    "total": 166.6262525000002,
    "count": 1,
    "self": 0.005975800000669551,
    "children": {
        "run_training.setup": {
            "total": 0.01743739999983518,
            "count": 1,
            "self": 0.01743739999983518
        },
        "TrainerController.start_learning": {
            "total": 166.6028392999997,
            "count": 1,
            "self": 0.00017519999892101623,
            "children": {
                "TrainerController._reset_env": {
                    "total": 43.637055999999575,
                    "count": 1,
                    "self": 43.637055999999575
                },
                "TrainerController.advance": {
                    "total": 122.72007940000003,
                    "count": 1,
                    "self": 1.8900000213761814e-05,
                    "children": {
                        "env_step": {
                            "total": 122.72006049999982,
                            "count": 1,
                            "self": 122.72005239999999,
                            "children": {
                                "SubprocessEnvManager._take_step": {
                                    "total": 8.099999831756577e-06,
                                    "count": 1,
                                    "self": 8.099999831756577e-06
                                }
                            }
                        }
                    }
                },
                "TrainerController._save_models": {
                    "total": 0.24552870000115945,
                    "count": 1,
                    "self": 0.001095200001145713,
                    "children": {
                        "RLTrainer._checkpoint": {
                            "total": 0.24443350000001374,
                            "count": 1,
                            "self": 0.24443350000001374
                        }
                    }
                }
            }
        }
    }
}