{
    "name": "root",
    "gauges": {
        "FlappyBird.Policy.Entropy.mean": {
            "value": 0.05563327297568321,
            "min": 0.05076703429222107,
            "max": 0.652686357498169,
            "count": 39
        },
        "FlappyBird.Policy.Entropy.sum": {
            "value": 555.4982299804688,
            "min": 507.16265869140625,
            "max": 6563.4140625,
            "count": 39
        },
        "FlappyBird.Environment.EpisodeLength.mean": {
            "value": 191.01923076923077,
            "min": 57.46511627906977,
            "max": 206.95833333333334,
            "count": 39
        },
        "FlappyBird.Environment.EpisodeLength.sum": {
            "value": 9933.0,
            "min": 9749.0,
            "max": 10151.0,
            "count": 39
        },
        "FlappyBird.Step.mean": {
            "value": 389939.0,
            "min": 9995.0,
            "max": 389939.0,
            "count": 39
        },
        "FlappyBird.Step.sum": {
            "value": 389939.0,
            "min": 9995.0,
            "max": 389939.0,
            "count": 39
        },
        "FlappyBird.Policy.ExtrinsicValueEstimate.mean": {
            "value": 69.44276428222656,
            "min": -4.699224472045898,
            "max": 83.1304931640625,
            "count": 39
        },
        "FlappyBird.Policy.ExtrinsicValueEstimate.sum": {
            "value": 12291.369140625,
            "min": -1015.0325317382812,
            "max": 15129.75,
            "count": 39
        },
        "FlappyBird.Policy.CuriosityValueEstimate.mean": {
            "value": -0.054208576679229736,
            "min": -0.43519899249076843,
            "max": 1.2369952201843262,
            "count": 39
        },
        "FlappyBird.Policy.CuriosityValueEstimate.sum": {
            "value": -9.594918251037598,
            "min": -75.72462463378906,
            "max": 267.19097900390625,
            "count": 39
        },
        "FlappyBird.Environment.CumulativeReward.mean": {
            "value": 161.31732020928308,
            "min": -4.154970171855904,
            "max": 180.7958465218544,
            "count": 39
        },
        "FlappyBird.Environment.CumulativeReward.sum": {
            "value": 8388.500650882721,
            "min": -710.4998993873596,
            "max": 8905.400777339935,
            "count": 39
        },
        "FlappyBird.Policy.ExtrinsicReward.mean": {
            "value": 161.31732020928308,
            "min": -4.154970171855904,
            "max": 180.7958465218544,
            "count": 39
        },
        "FlappyBird.Policy.ExtrinsicReward.sum": {
            "value": 8388.500650882721,
            "min": -710.4998993873596,
            "max": 8905.400777339935,
            "count": 39
        },
        "FlappyBird.Policy.CuriosityReward.mean": {
            "value": 0.007954782673130887,
            "min": 0.007954782673130887,
            "max": 2.0744819809731685,
            "count": 39
        },
        "FlappyBird.Policy.CuriosityReward.sum": {
            "value": 0.4136486990028061,
            "min": 0.4136486990028061,
            "max": 265.24001264572144,
            "count": 39
        },
        "FlappyBird.Losses.PolicyLoss.mean": {
            "value": 0.09464164499125523,
            "min": 0.09168183335568755,
            "max": 0.10561540546041215,
            "count": 39
        },
        "FlappyBird.Losses.PolicyLoss.sum": {
            "value": 0.4732082249562761,
            "min": 0.36761158080480527,
            "max": 0.5221952731274844,
            "count": 39
        },
        "FlappyBird.Losses.ValueLoss.mean": {
            "value": 362.7216431935628,
            "min": 0.3556222344147197,
            "max": 396.65109817186993,
            "count": 39
        },
        "FlappyBird.Losses.ValueLoss.sum": {
            "value": 1813.608215967814,
            "min": 1.4224889376588787,
            "max": 1983.2554908593497,
            "count": 39
        },
        "FlappyBird.Policy.LearningRate.mean": {
            "value": 0.000276930883689708,
            "min": 0.000276930883689708,
            "max": 0.00029968713010429,
            "count": 39
        },
        "FlappyBird.Policy.LearningRate.sum": {
            "value": 0.0013846544184485398,
            "min": 0.00110996289001238,
            "max": 0.00149562102145966,
            "count": 39
        },
        "FlappyBird.Policy.Epsilon.mean": {
            "value": 0.192310292,
            "min": 0.192310292,
            "max": 0.19989571,
            "count": 39
        },
        "FlappyBird.Policy.Epsilon.sum": {
            "value": 0.96155146,
            "min": 0.7699876200000001,
            "max": 0.99854034,
            "count": 39
        },
        "FlappyBird.Policy.Beta.mean": {
            "value": 0.004999999999999999,
            "min": 0.004999999999999999,
            "max": 0.004999999999999999,
            "count": 39
        },
        "FlappyBird.Policy.Beta.sum": {
            "value": 0.024999999999999994,
            "min": 0.019999999999999997,
            "max": 0.024999999999999994,
            "count": 39
        },
        "FlappyBird.Losses.CuriosityForwardLoss.mean": {
            "value": 0.003992000491295281,
            "min": 0.003992000491295281,
            "max": 12.9406260868224,
            "count": 39
        },
        "FlappyBird.Losses.CuriosityForwardLoss.sum": {
            "value": 0.019960002456476406,
            "min": 0.019960002456476406,
            "max": 51.7625043472896,
            "count": 39
        },
        "FlappyBird.Losses.CuriosityInverseLoss.mean": {
            "value": 0.00011784103865117857,
            "min": 0.00011784103865117857,
            "max": 0.4869403586490079,
            "count": 39
        },
        "FlappyBird.Losses.CuriosityInverseLoss.sum": {
            "value": 0.0005892051932558928,
            "min": 0.0005892051932558928,
            "max": 1.9477614345960317,
            "count": 39
        },
        "FlappyBird.IsTraining.mean": {
            "value": 1.0,
            "min": 1.0,
            "max": 1.0,
            "count": 39
        },
        "FlappyBird.IsTraining.sum": {
            "value": 1.0,
            "min": 1.0,
            "max": 1.0,
            "count": 39
        }
    },
    "metadata": {
        "timer_format_version": "0.1.0",
        "start_time_seconds": "1732893207",
        "python_version": "3.10.9 | packaged by Anaconda, Inc. | (main, Mar  1 2023, 18:18:15) [MSC v.1916 64 bit (AMD64)]",
        "command_line_arguments": "E:\\Unity_PROJECT\\Learn_2D\\venv\\Scripts\\mlagents-learn envconfig.yaml --run-id=Flappy_2312 --no-graphics",
        "mlagents_version": "1.1.0",
        "mlagents_envs_version": "1.1.0",
        "communication_protocol_version": "1.5.0",
        "pytorch_version": "2.5.1+cpu",
        "numpy_version": "1.23.5",
        "end_time_seconds": "1732894725"
    },
    "total": 1517.5365118999998,
    "count": 1,
    "self": 0.004895500000202446,
    "children": {
        "run_training.setup": {
            "total": 0.08361930000000939,
            "count": 1,
            "self": 0.08361930000000939
        },
        "TrainerController.start_learning": {
            "total": 1517.4479970999996,
            "count": 1,
            "self": 4.5135532997232986,
            "children": {
                "TrainerController._reset_env": {
                    "total": 9.230313999999908,
                    "count": 1,
                    "self": 9.230313999999908
                },
                "TrainerController.advance": {
                    "total": 1503.5037747002766,
                    "count": 391199,
                    "self": 4.262720799959425,
                    "children": {
                        "env_step": {
                            "total": 1298.9675221000798,
                            "count": 391199,
                            "self": 1011.4251856000856,