{
    "name": "root",
    "metadata": {
        "timer_format_version": "0.1.0",
        "start_time_seconds": "1732869636",
        "python_version": "3.10.9 | packaged by Anaconda, Inc. | (main, Mar  1 2023, 18:18:15) [MSC v.1916 64 bit (AMD64)]",
        "command_line_arguments": "E:\\Unity_PROJECT\\Learn_2D\\venv\\Scripts\\mlagents-learn --train --run-id=Flappy_nb",
        "mlagents_version": "1.1.0",
        "mlagents_envs_version": "1.1.0",
        "communication_protocol_version": "1.5.0",
        "pytorch_version": "2.5.1+cpu",
        "numpy_version": "1.23.5",
        "end_time_seconds": "1732869709"
    },
    "total": 72.19650209999963,
    "count": 1,
    "self": 10.017515600000479,
    "children": {
        "run_training.setup": {
            "total": 0.0159827999996196,
            "count": 1,
            "self": 0.0159827999996196
        },
        "TrainerController.start_learning": {
            "total": 62.163003699999535,
            "count": 1,
            "self": 0.036823199996433686,
            "children": {
                "TrainerController._reset_env": {
                    "total": 9.048732699997345,
                    "count": 1,
                    "self": 9.048732699997345
                },
                "TrainerController.advance": {
                    "total": 52.74810950000392,
                    "count": 1662,
                    "self": 0.035782800030574435,
                    "children": {
                        "env_step": {
                            "total": 52.40581680001196,
                            "count": 1662,
                            "self": 49.766912300088734,
                            "children": {
                                "SubprocessEnvManager._take_step": {
                                    "total": 2.615437699972972,
                                    "count": 1663,
                                    "self": 0.1081019999619457,
                                    "children": {
                                        "TorchPolicy.evaluate": {
                                            "total": 2.5073357000110263,
                                            "count": 1661,
                                            "self": 2.5073357000110263
                                        }
                                    }
                                },
                                "workers": {
                                    "total": 0.023466799950256245,
                                    "count": 1661,
                                    "self": 0.0,
                                    "children": {
                                        "worker_root": {
                                            "total": 25.180098899869336,
                                            "count": 1661,
                                            "is_parallel": true,
                                            "self": 6.031958899820893,
                                            "children": {
                                                "steps_from_proto": {
                                                    "total": 0.002699100001336774,
                                                    "count": 2,
                                                    "is_parallel": true,
                                                    "self": 0.0007575999989057891,
                                                    "children": {
                                                        "_process_rank_one_or_two_observation": {
                                                            "total": 0.0019415000024309848,
                                                            "count": 4,
                                                            "is_parallel": true,
                                                            "self": 0.0019415000024309848
                                                        }
                                                    }
                                                },
                                                "UnityEnvironment.step": {
                                                    "total": 19.145440900047106,
                                                    "count": 1661,
                                                    "is_parallel": true,
                                                    "self": 0.14254929998423904,
                                                    "children": {
                                                        "UnityEnvironment._generate_step_input": {
                                                            "total": 0.12662849997286685,
                                                            "count": 1661,
                                                            "is_parallel": true,
                                                            "self": 0.12662849997286685
                                                        },
                                                        "communicator.exchange": {
                                                            "total": 18.428532600006292,
                                                            "count": 1661,
                                                            "is_parallel": true,
                                                            "self": 18.428532600006292
                                                        },
                                                        "steps_from_proto": {
                                                            "total": 0.44773050008370774,
                                                            "count": 1661,
                                                            "is_parallel": true,
                                                            "self": 0.28308200009632856,
                                                            "children": {
                                                                "_process_rank_one_or_two_observation": {
                                                                    "total": 0.16464849998737918,
                                                                    "count": 3322,
                                                                    "is_parallel": true,
                                                                    "self": 0.16464849998737918
                                                                }
                                                            }
                                                        }
                                                    }
                                                }
                                            }
                                        }
                                    }
                                }
                            }
                        },
                        "trainer_advance": {
                            "total": 0.3065098999613838,
                            "count": 1661,
                            "self": 0.04217220004284172,
                            "children": {
                                "process_trajectory": {
                                    "total": 0.26433769991854206,
                                    "count": 1661,
                                    "self": 0.26433769991854206
                                }
                            }
                        }
                    }
                },
                "trainer_threads": {
                    "total": 2.4000000848900527e-06,
                    "count": 1,
                    "self": 2.4000000848900527e-06
                },
                "TrainerController._save_models": {
                    "total": 0.3293359000017517,
                    "count": 1,
                    "self": 0.0011493000019981991,