{
    "name": "root",
    "metadata": {
        "timer_format_version": "0.1.0",
        "start_time_seconds": "1732871379",
        "python_version": "3.10.9 | packaged by Anaconda, Inc. | (main, Mar  1 2023, 18:18:15) [MSC v.1916 64 bit (AMD64)]",
        "command_line_arguments": "E:\\Unity_PROJECT\\Learn_2D\\venv\\Scripts\\mlagents-learn --run-id=Flappy_new666",
        "mlagents_version": "1.1.0",
        "mlagents_envs_version": "1.1.0",
        "communication_protocol_version": "1.5.0",
        "pytorch_version": "2.5.1+cpu",
        "numpy_version": "1.23.5",
        "end_time_seconds": "1732871478"
    },
    "total": 99.48824759999843,
    "count": 1,
    "self": 0.0046518999988620635,
    "children": {
        "run_training.setup": {
            "total": 0.014238299998396542,
            "count": 1,
            "self": 0.014238299998396542
        },
        "TrainerController.start_learning": {
            "total": 99.46935740000117,
            "count": 1,
            "self": 0.00017250000382773578,
            "children": {
                "TrainerController._reset_env": {
                    "total": 11.768190799997683,
                    "count": 1,
                    "self": 11.768190799997683
                },
                "TrainerController.advance": {
                    "total": 87.64176210000005,
                    "count": 1,
                    "self": 2.7800000680144876e-05,
                    "children": {
                        "env_step": {
                            "total": 87.64173429999937,
                            "count": 1,
                            "self": 87.64172970000072,
                            "children": {
                                "SubprocessEnvManager._take_step": {
                                    "total": 4.599998646881431e-06,
                                    "count": 1,
                                    "self": 4.599998646881431e-06
                                }
                            }
                        }
                    }
                },
                "TrainerController._save_models": {
                    "total": 0.05923199999961071,
                    "count": 1,
                    "self": 0.001098900000215508,
                    "children": {
                        "RLTrainer._checkpoint": {
                            "total": 0.0581330999993952,
                            "count": 1,
                            "self": 0.0581330999993952
                        }
                    }
                }
            }
        }
    }
}